GROUP,PACKAGE,CLASS,INSTRUCTION_MISSED,INSTRUCTION_COVERED,BRANCH_MISSED,BRANCH_COVERED,LINE_MISSED,LINE_COVERED,COMPLEXITY_MISSED,COMPLEXITY_COVERED,METHOD_MISSED,METHOD_COVERED
sandbox_coverage/sandbox_common,org.sandbox.jdt.triggerpattern.api,Match,78,25,13,1,13,7,13,2,6,2
sandbox_coverage/sandbox_common,org.sandbox.jdt.triggerpattern.api,Pattern,110,38,16,0,19,11,16,4,8,4
sandbox_coverage/sandbox_common,org.sandbox.jdt.triggerpattern.api,TriggerPatternEngine.new ASTVisitor() {...},59,58,16,8,5,9,11,3,0,2
sandbox_coverage/sandbox_common,org.sandbox.jdt.triggerpattern.api,PatternKind,0,64,0,0,0,13,0,1,0,1
sandbox_coverage/sandbox_common,org.sandbox.jdt.triggerpattern.api,HintContext,47,0,2,0,17,0,8,0,7,0
sandbox_coverage/sandbox_common,org.sandbox.jdt.triggerpattern.api,TriggerPatternEngine,29,63,7,5,9,15,6,4,1,3
sandbox_coverage/sandbox_common,org.sandbox.jdt.triggerpattern.ui,TriggerPatternQuickAssistProcessor,191,0,26,0,43,0,20,0,7,0
sandbox_coverage/sandbox_common,org.sandbox.jdt.triggerpattern.ui,TriggerPatternQuickAssistProcessor.new ASTVisitor() {...},41,0,8,0,10,0,6,0,2,0
sandbox_coverage/sandbox_common,org.sandbox.jdt.triggerpattern.internal,HintRegistry,331,0,50,0,76,0,31,0,6,0
sandbox_coverage/sandbox_common,org.sandbox.jdt.triggerpattern.internal,PatternParser,335,91,54,8,91,24,36,3,5,3
sandbox_coverage/sandbox_common,org.sandbox.jdt.triggerpattern.internal,HintRegistry.HintDescriptor,63,0,2,0,17,0,8,0,7,0
sandbox_coverage/sandbox_common,org.sandbox.jdt.triggerpattern.internal,PlaceholderAstMatcher,302,64,62,6,80,15,38,5,6,3
sandbox_coverage/sandbox_common,org.sandbox.jdt.internal.corext.util,ASTNavigationUtils.new ASTVisitor() {...},12,34,1,3,2,7,3,4,2,3
sandbox_coverage/sandbox_common,org.sandbox.jdt.internal.corext.util,ExpressionHelper,53,97,19,17,15,33,16,8,0,6
sandbox_coverage/sandbox_common,org.sandbox.jdt.internal.corext.util,AnnotationUtils,30,59,2,6,5,10,5,8,3,6
sandbox_coverage/sandbox_common,org.sandbox.jdt.internal.corext.util,TypeCheckingUtils,50,28,16,6,8,6,11,4,2,2
sandbox_coverage/sandbox_common,org.sandbox.jdt.internal.corext.util,VariableResolver,151,232,56,46,43,67,44,14,0,7
sandbox_coverage/sandbox_common,org.sandbox.jdt.internal.corext.util,ASTNavigationUtils,18,195,11,17,6,43,11,14,0,11
sandbox_coverage/sandbox_common,org.sandbox.jdt.internal.corext.util,NamingUtils,51,138,11,11,15,29,10,9,1,7
sandbox_coverage/sandbox_common,org.sandbox.jdt.internal.corext.fix2,MYCleanUpConstants,3,0,0,0,1,0,1,0,1,0
sandbox_coverage/sandbox_common,org.sandbox.jdt.internal.common,StatementDispatcher.HandlerEntry,36,0,6,0,7,0,6,0,3,0
sandbox_coverage/sandbox_common,org.sandbox.jdt.internal.common,ReferenceHolder,13,10,0,0,6,4,4,3,4,3
sandbox_coverage/sandbox_common,org.sandbox.jdt.internal.common,LambdaASTVisitor,3272,1589,411,219,627,402,360,170,81,134
sandbox_coverage/sandbox_common,org.sandbox.jdt.internal.common,AnnotationVisitorBuilder,284,0,60,0,70,0,37,0,7,0
sandbox_coverage/sandbox_common,org.sandbox.jdt.internal.common,StatementDispatcher.HandlerBuilder,70,0,0,0,16,0,11,0,11,0
sandbox_coverage/sandbox_common,org.sandbox.jdt.internal.common,ImportVisitorBuilder,22,0,0,0,6,0,3,0,3,0
sandbox_coverage/sandbox_common,org.sandbox.jdt.internal.common,AstProcessorBuilder,1514,210,28,0,225,50,226,29,212,29
sandbox_coverage/sandbox_common,org.sandbox.jdt.internal.common,StatementDispatcher,93,0,8,0,21,0,14,0,10,0
sandbox_coverage/sandbox_common,org.sandbox.jdt.internal.common,ASTProcessor.NodeHolder,9,27,0,0,3,9,1,2,1,2
sandbox_coverage/sandbox_common,org.sandbox.jdt.internal.common,HelperVisitorBuilder,58,0,2,0,22,0,9,0,8,0
sandbox_coverage/sandbox_common,org.sandbox.jdt.internal.common,ASTProcessor,2197,499,4,8,360,92,204,44,201,41
sandbox_coverage/sandbox_common,org.sandbox.jdt.internal.common,MethodCallVisitorBuilder,93,0,4,0,22,0,11,0,9,0
sandbox_coverage/sandbox_common,org.sandbox.jdt.internal.common,LibStandardNames,3,0,0,0,1,0,1,0,1,0
sandbox_coverage/sandbox_common,org.sandbox.jdt.internal.common,StatementContext,317,0,40,0,68,0,48,0,28,0
sandbox_coverage/sandbox_common,org.sandbox.jdt.internal.common,NodeMatcher,569,0,134,0,139,0,104,0,37,0
sandbox_coverage/sandbox_common,org.sandbox.jdt.internal.common,VisitorEnum,13,1178,0,0,3,216,3,3,3,3
sandbox_coverage/sandbox_common,org.sandbox.jdt.internal.common,FieldVisitorBuilder,49,0,4,0,14,0,8,0,6,0
sandbox_coverage/sandbox_common,org.sandbox.jdt.internal.common,HelperVisitor,7873,595,0,0,1843,117,648,35,648,35
sandbox_coverage/sandbox_common,org.sandbox.jdt.triggerpattern.examples,ExampleHintProvider,139,0,12,0,43,0,9,0,3,0
sandbox_coverage/sandbox_encoding_quickfix,org.sandbox.jdt.internal.ui.preferences.cleanup,CleanUpMessages,7,0,0,0,3,0,2,0,2,0
sandbox_coverage/sandbox_encoding_quickfix,org.sandbox.jdt.internal.ui.preferences.cleanup,SaveActionCleanUpOptionsInitializer,20,0,0,0,6,0,2,0,2,0
sandbox_coverage/sandbox_encoding_quickfix,org.sandbox.jdt.internal.ui.preferences.cleanup,DefaultCleanUpOptionsInitializer,0,20,0,0,0,6,0,2,0,2
sandbox_coverage/sandbox_encoding_quickfix,org.sandbox.jdt.internal.ui.preferences.cleanup,SandboxCodeTabPage,96,0,0,0,17,0,4,0,4,0
sandbox_coverage/sandbox_encoding_quickfix,org.sandbox.jdt.internal.corext.fix,UseExplicitEncodingFixCore,52,258,6,0,7,26,4,5,1,5
sandbox_coverage/sandbox_encoding_quickfix,org.sandbox.jdt.internal.corext.fix,UseExplicitEncodingFixCore.new CompilationUnitRewriteOperationsFixCore.CompilationUnitRewriteOperation() {...},0,54,0,0,0,5,0,2,0,2
sandbox_coverage/sandbox_encoding_quickfix,org.sandbox.jdt.internal.corext.fix,UseExplicitEncodingFixCore.new TargetSourceRangeComputer() {...},0,21,0,2,0,4,0,3,0,2
sandbox_coverage/sandbox_encoding_quickfix,org.sandbox.jdt.internal.ui.fix,MultiFixMessages,3,4,0,0,1,2,1,1,1,1
sandbox_coverage/sandbox_encoding_quickfix,org.sandbox.jdt.internal.ui.fix,UseExplicitEncodingCleanUpCore,67,128,7,15,11,32,10,12,3,8
sandbox_coverage/sandbox_encoding_quickfix,org.sandbox.jdt.internal.ui.fix,UseExplicitEncodingCleanUp,0,11,0,0,0,4,0,2,0,2
sandbox_coverage/sandbox_encoding_quickfix,org.sandbox.jdt.internal.corext.fix.helper,URLDecoderDecodeExplicitEncoding,8,210,4,18,4,46,4,15,1,6
sandbox_coverage/sandbox_encoding_quickfix,org.sandbox.jdt.internal.corext.fix.helper,ChannelsNewWriterExplicitEncoding,10,159,4,12,4,33,4,11,1,6
sandbox_coverage/sandbox_encoding_quickfix,org.sandbox.jdt.internal.corext.fix.helper,ByteArrayOutputStreamExplicitEncoding,23,171,7,10,11,35,6,10,1,6
sandbox_coverage/sandbox_encoding_quickfix,org.sandbox.jdt.internal.corext.fix.helper,AbstractExplicitEncoding.NodeData,0,12,0,0,0,1,0,1,0,1
sandbox_coverage/sandbox_encoding_quickfix,org.sandbox.jdt.internal.corext.fix.helper,URLEncoderEncodeExplicitEncoding,8,212,4,18,4,47,4,15,1,6
sandbox_coverage/sandbox_encoding_quickfix,org.sandbox.jdt.internal.corext.fix.helper,CharsetForNameExplicitEncoding,8,133,4,10,4,28,4,10,1,6
sandbox_coverage/sandbox_encoding_quickfix,org.sandbox.jdt.internal.corext.fix.helper,PropertiesStoreToXMLExplicitEncoding,8,159,3,10,4,36,3,11,1,6
sandbox_coverage/sandbox_encoding_quickfix,org.sandbox.jdt.internal.corext.fix.helper,FileReaderExplicitEncoding,38,112,8,1,11,22,6,6,1,6
sandbox_coverage/sandbox_encoding_quickfix,org.sandbox.jdt.internal.corext.fix.helper,FileWriterExplicitEncoding,8,105,2,0,3,19,2,6,1,6
sandbox_coverage/sandbox_encoding_quickfix,org.sandbox.jdt.internal.corext.fix.helper,FormatterExplicitEncoding,33,122,5,6,8,27,5,8,1,6
sandbox_coverage/sandbox_encoding_quickfix,org.sandbox.jdt.internal.corext.fix.helper,ChangeBehavior.new ChangeBehavior() {...},4,18,0,2,2,4,1,3,1,2
sandbox_coverage/sandbox_encoding_quickfix,org.sandbox.jdt.internal.corext.fix.helper,ChangeBehavior.new ChangeBehavior() {...},4,21,0,2,2,7,1,3,1,2
sandbox_coverage/sandbox_encoding_quickfix,org.sandbox.jdt.internal.corext.fix.helper,ChangeBehavior.new ChangeBehavior() {...},18,127,1,5,5,27,2,4,1,2
sandbox_coverage/sandbox_encoding_quickfix,org.sandbox.jdt.internal.corext.fix.helper,PrintStreamExplicitEncoding,178,17,14,0,39,4,13,2,5,2
sandbox_coverage/sandbox_encoding_quickfix,org.sandbox.jdt.internal.corext.fix.helper,OutputStreamWriterExplicitEncoding,12,149,3,8,5,34,3,10,1,6
sandbox_coverage/sandbox_encoding_quickfix,org.sandbox.jdt.internal.corext.fix.helper,InputStreamReaderExplicitEncoding,12,149,3,8,5,33,3,10,1,6
sandbox_coverage/sandbox_encoding_quickfix,org.sandbox.jdt.internal.corext.fix.helper,StringGetBytesExplicitEncoding,14,146,3,8,7,33,3,10,1,6
sandbox_coverage/sandbox_encoding_quickfix,org.sandbox.jdt.internal.corext.fix.helper,ChannelsNewReaderExplicitEncoding,14,158,4,12,6,34,4,11,1,6
sandbox_coverage/sandbox_encoding_quickfix,org.sandbox.jdt.internal.corext.fix.helper,AbstractExplicitEncoding,100,361,32,46,25,104,28,32,3,18
sandbox_coverage/sandbox_encoding_quickfix,org.sandbox.jdt.internal.corext.fix.helper,PrintWriterExplicitEncoding,8,128,2,2,3,24,2,7,1,6
sandbox_coverage/sandbox_encoding_quickfix,org.sandbox.jdt.internal.corext.fix.helper,ChangeBehavior,22,140,2,6,6,26,3,7,1,5
sandbox_coverage/sandbox_encoding_quickfix,org.sandbox.jdt.internal.corext.fix.helper,StringExplicitEncoding,16,182,4,13,6,39,4,12,1,6
sandbox_coverage/sandbox_encoding_quickfix,org.sandbox.jdt.internal.corext.fix.helper,ScannerExplicitEncoding,8,151,4,11,3,34,4,11,1,6
sandbox_coverage/sandbox_platform_helper,org.sandbox.jdt.internal.ui.preferences.cleanup,CleanUpMessages,7,0,0,0,3,0,2,0,2,0
sandbox_coverage/sandbox_platform_helper,org.sandbox.jdt.internal.ui.preferences.cleanup,SaveActionCleanUpOptionsInitializer,8,0,0,0,3,0,2,0,2,0
sandbox_coverage/sandbox_platform_helper,org.sandbox.jdt.internal.ui.preferences.cleanup,DefaultCleanUpOptionsInitializer,0,8,0,0,0,3,0,2,0,2
sandbox_coverage/sandbox_platform_helper,org.sandbox.jdt.internal.ui.preferences.cleanup,SandboxCodeTabPage,46,0,0,0,11,0,4,0,4,0
sandbox_coverage/sandbox_platform_helper,org.sandbox.jdt.internal.corext.fix,SimplifyPlatformStatusFixCore.new TargetSourceRangeComputer() {...},0,21,0,2,0,4,0,3,0,2
sandbox_coverage/sandbox_platform_helper,org.sandbox.jdt.internal.corext.fix,SimplifyPlatformStatusFixCore,5,70,0,0,1,11,1,4,1,4
sandbox_coverage/sandbox_platform_helper,org.sandbox.jdt.internal.corext.fix,SimplifyPlatformStatusFixCore.new CompilationUnitRewriteOperationsFixCore.CompilationUnitRewriteOperationWithSourceRange() {...},0,43,0,0,0,8,0,2,0,2
sandbox_coverage/sandbox_platform_helper,org.sandbox.jdt.internal.ui.fix,SimplifyPlatformStatusCleanUpCore,56,104,5,11,14,25,8,9,3,6
sandbox_coverage/sandbox_platform_helper,org.sandbox.jdt.internal.ui.fix,MultiFixMessages,3,4,0,0,1,2,1,1,1,1
sandbox_coverage/sandbox_platform_helper,org.sandbox.jdt.internal.ui.fix,SimplifyPlatformStatusCleanUp,0,11,0,0,0,4,0,2,0,2
sandbox_coverage/sandbox_platform_helper,org.sandbox.jdt.internal.corext.fix.helper,StatusWarningSimplifyPlatformStatus,6,5,2,0,3,2,2,1,1,1
sandbox_coverage/sandbox_platform_helper,org.sandbox.jdt.internal.corext.fix.helper,StatusInfoSimplifyPlatformStatus,6,5,2,0,3,2,2,1,1,1
sandbox_coverage/sandbox_platform_helper,org.sandbox.jdt.internal.corext.fix.helper,AbstractSimplifyPlatformStatus,23,172,6,10,6,43,7,6,1,4
sandbox_coverage/sandbox_platform_helper,org.sandbox.jdt.internal.corext.fix.helper,StatusErrorSimplifyPlatformStatus,6,5,2,0,3,2,2,1,1,1
sandbox_coverage/sandbox_functional_converter,org.sandbox.jdt.internal.ui.preferences.cleanup,SaveActionCleanUpOptionsInitializer,12,0,0,0,4,0,2,0,2,0
sandbox_coverage/sandbox_functional_converter,org.sandbox.jdt.internal.ui.preferences.cleanup,SandboxCodeTabPage,46,0,0,0,12,0,4,0,4,0
sandbox_coverage/sandbox_functional_converter,org.sandbox.jdt.internal.ui.preferences.cleanup,CleanUpMessages,7,0,0,0,3,0,2,0,2,0
sandbox_coverage/sandbox_functional_converter,org.sandbox.jdt.internal.ui.preferences.cleanup,DefaultCleanUpOptionsInitializer,0,12,0,0,0,4,0,2,0,2
sandbox_coverage/sandbox_functional_converter,org.sandbox.jdt.internal.corext.fix,UseFunctionalCallFixCore.new CompilationUnitRewriteOperationsFixCore.CompilationUnitRewriteOperation() {...},0,43,0,0,0,5,0,2,0,2
sandbox_coverage/sandbox_functional_converter,org.sandbox.jdt.internal.corext.fix,UseFunctionalCallFixCore.new TargetSourceRangeComputer() {...},0,21,0,2,0,4,0,3,0,2
sandbox_coverage/sandbox_functional_converter,org.sandbox.jdt.internal.corext.fix,UseFunctionalCallFixCore,5,57,0,0,1,11,1,4,1,4
sandbox_coverage/sandbox_functional_converter,org.sandbox.jdt.internal.ui.fix,MultiFixMessages,3,4,0,0,1,2,1,1,1,1
sandbox_coverage/sandbox_functional_converter,org.sandbox.jdt.internal.ui.fix,UseFunctionalCallCleanUpCoreV2,50,96,3,9,9,23,6,10,3,7
sandbox_coverage/sandbox_functional_converter,org.sandbox.jdt.internal.ui.fix,UseFunctionalCallCleanUpCore,50,96,3,9,9,23,6,10,3,7
sandbox_coverage/sandbox_functional_converter,org.sandbox.jdt.internal.ui.fix,UseFunctionalCallCleanUpV2,0,11,0,0,0,4,0,2,0,2
sandbox_coverage/sandbox_functional_converter,org.sandbox.jdt.internal.ui.fix,UseFunctionalCallCleanUp,0,11,0,0,0,4,0,2,0,2
sandbox_coverage/sandbox_functional_converter,org.sandbox.jdt.internal.corext.fix.helper,CollectorType,32,67,12,4,10,17,9,5,2,4
sandbox_coverage/sandbox_functional_converter,org.sandbox.jdt.internal.corext.fix.helper,FunctionalHolder,17,0,0,0,8,0,5,0,5,0
sandbox_coverage/sandbox_functional_converter,org.sandbox.jdt.internal.corext.fix.helper,IteratorPatternDetector.IteratorPattern,18,0,0,0,7,0,1,0,1,0
sandbox_coverage/sandbox_functional_converter,org.sandbox.jdt.internal.corext.fix.helper,LoopBodyParser.ParseResult,0,40,0,0,0,13,0,7,0,7
sandbox_coverage/sandbox_functional_converter,org.sandbox.jdt.internal.corext.fix.helper,IteratorLoopBodyParser.ParsedBody,12,0,0,0,5,0,1,0,1,0
sandbox_coverage/sandbox_functional_converter,org.sandbox.jdt.internal.corext.fix.helper,OperationType.new OperationType() {...},15,32,3,5,4,7,3,3,0,2
sandbox_coverage/sandbox_functional_converter,org.sandbox.jdt.internal.corext.fix.helper,OperationType.new OperationType() {...},2,16,1,1,1,3,1,2,0,2
sandbox_coverage/sandbox_functional_converter,org.sandbox.jdt.internal.corext.fix.helper,OperationType.new OperationType() {...},2,77,2,8,1,15,2,5,0,2
sandbox_coverage/sandbox_functional_converter,org.sandbox.jdt.internal.corext.fix.helper,OperationType.new OperationType() {...},2,16,1,1,1,3,1,2,0,2
sandbox_coverage/sandbox_functional_converter,org.sandbox.jdt.internal.corext.fix.helper,OperationType.new OperationType() {...},2,16,1,1,1,3,1,2,0,2
sandbox_coverage/sandbox_functional_converter,org.sandbox.jdt.internal.corext.fix.helper,OperationType.new OperationType() {...},2,10,0,0,1,2,1,2,1,2
sandbox_coverage/sandbox_functional_converter,org.sandbox.jdt.internal.corext.fix.helper,OperationType.new OperationType() {...},2,16,1,1,1,3,1,2,0,2
sandbox_coverage/sandbox_functional_converter,org.sandbox.jdt.internal.corext.fix.helper,Refactorer,43,203,17,21,12,53,16,9,2,4
sandbox_coverage/sandbox_functional_converter,org.sandbox.jdt.internal.corext.fix.helper,IfStatementAnalyzer,96,451,47,93,30,129,42,42,1,12
sandbox_coverage/sandbox_functional_converter,org.sandbox.jdt.internal.corext.fix.helper,OperationType.new OperationType() {...},2,10,0,0,1,2,1,2,1,2
sandbox_coverage/sandbox_functional_converter,org.sandbox.jdt.internal.corext.fix.helper,StatementHandlerContext,0,15,0,0,0,6,0,3,0,3
sandbox_coverage/sandbox_functional_converter,org.sandbox.jdt.internal.corext.fix.helper,StatementHandlerType,2,77,1,3,1,14,1,3,0,2
sandbox_coverage/sandbox_functional_converter,org.sandbox.jdt.internal.corext.fix.helper,IteratorLoopToFunctional.new ASTVisitor() {...},132,0,14,0,30,0,10,0,3,0
sandbox_coverage/sandbox_functional_converter,org.sandbox.jdt.internal.corext.fix.helper,PreconditionsChecker,530,263,104,18,145,73,92,12,34,9
sandbox_coverage/sandbox_functional_converter,org.sandbox.jdt.internal.corext.fix.helper,JdtLoopExtractor,83,149,24,12,18,42,16,7,0,5
sandbox_coverage/sandbox_functional_converter,org.sandbox.jdt.internal.corext.fix.helper,SideEffectChecker,21,64,8,12,6,20,6,8,0,4
sandbox_coverage/sandbox_functional_converter,org.sandbox.jdt.internal.corext.fix.helper,StatementHandlerType.new StatementHandlerType() {...},2,76,1,7,1,22,1,6,0,3
sandbox_coverage/sandbox_functional_converter,org.sandbox.jdt.internal.corext.fix.helper,StatementHandlerType.new StatementHandlerType() {...},5,161,1,17,1,46,1,14,0,6
sandbox_coverage/sandbox_functional_converter,org.sandbox.jdt.internal.corext.fix.helper,StatementHandlerType.new StatementHandlerType() {...},5,57,3,7,1,15,3,5,0,3
sandbox_coverage/sandbox_functional_converter,org.sandbox.jdt.internal.corext.fix.helper,StatementHandlerType.new StatementHandlerType() {...},0,134,2,18,0,33,2,13,0,5
sandbox_coverage/sandbox_functional_converter,org.sandbox.jdt.internal.corext.fix.helper,LoopToFunctional,8,91,3,3,4,19,3,7,1,6
sandbox_coverage/sandbox_functional_converter,org.sandbox.jdt.internal.corext.fix.helper,StatementParsingContext,0,95,0,0,0,41,0,15,0,15
sandbox_coverage/sandbox_functional_converter,org.sandbox.jdt.internal.corext.fix.helper,ProspectiveOperation,183,383,47,19,32,110,35,26,5,23
sandbox_coverage/sandbox_functional_converter,org.sandbox.jdt.internal.corext.fix.helper,JdtLoopExtractor.ExtractedLoop,0,9,0,0,0,4,0,1,0,1
sandbox_coverage/sandbox_functional_converter,org.sandbox.jdt.internal.corext.fix.helper,PipelineAssembler,20,504,12,44,6,119,12,35,0,19
sandbox_coverage/sandbox_functional_converter,org.sandbox.jdt.internal.corext.fix.helper,IteratorLoopAnalyzer,59,0,8,0,16,0,6,0,2,0
sandbox_coverage/sandbox_functional_converter,org.sandbox.jdt.internal.corext.fix.helper,ReducerType,155,203,27,11,35,47,25,12,6,8
sandbox_coverage/sandbox_functional_converter,org.sandbox.jdt.internal.corext.fix.helper,StatementHandlerType.new StatementHandlerType() {...},39,283,15,29,11,66,14,14,0,6
sandbox_coverage/sandbox_functional_converter,org.sandbox.jdt.internal.corext.fix.helper,IteratorLoopToFunctional,235,0,22,0,62,0,17,0,6,0
sandbox_coverage/sandbox_functional_converter,org.sandbox.jdt.internal.corext.fix.helper,StreamPipelineBuilder,117,357,40,46,28,80,33,26,3,13
sandbox_coverage/sandbox_functional_converter,org.sandbox.jdt.internal.corext.fix.helper,ReducerType.new ReducerType() {...},0,18,0,0,0,4,0,4,0,4
sandbox_coverage/sandbox_functional_converter,org.sandbox.jdt.internal.corext.fix.helper,ReducerType.new ReducerType() {...},12,5,0,0,3,1,3,1,3,1
sandbox_coverage/sandbox_functional_converter,org.sandbox.jdt.internal.corext.fix.helper,ReducerType.new ReducerType() {...},0,13,0,0,0,3,0,3,0,3
sandbox_coverage/sandbox_functional_converter,org.sandbox.jdt.internal.corext.fix.helper,ProspectiveOperation.new ASTVisitor() {...},23,86,7,21,6,22,6,10,0,2
sandbox_coverage/sandbox_functional_converter,org.sandbox.jdt.internal.corext.fix.helper,CollectPatternDetector,32,179,15,21,14,51,16,9,1,6
sandbox_coverage/sandbox_functional_converter,org.sandbox.jdt.internal.corext.fix.helper,ReducerType.new ReducerType() {...},3,9,0,0,1,2,1,2,1,2
sandbox_coverage/sandbox_functional_converter,org.sandbox.jdt.internal.corext.fix.helper,ReducerType.new ReducerType() {...},0,19,0,2,0,5,0,4,0,3
sandbox_coverage/sandbox_functional_converter,org.sandbox.jdt.internal.corext.fix.helper,ReducerType.new ReducerType() {...},0,13,0,0,0,3,0,3,0,3
sandbox_coverage/sandbox_functional_converter,org.sandbox.jdt.internal.corext.fix.helper,AbstractFunctionalCall,0,3,0,0,0,1,0,1,0,1
sandbox_coverage/sandbox_functional_converter,org.sandbox.jdt.internal.corext.fix.helper,ReducerType.new ReducerType() {...},0,13,0,0,0,3,0,3,0,3
sandbox_coverage/sandbox_functional_converter,org.sandbox.jdt.internal.corext.fix.helper,ReducerType.new ReducerType() {...},5,5,0,0,2,1,2,1,2,1
sandbox_coverage/sandbox_functional_converter,org.sandbox.jdt.internal.corext.fix.helper,OperationType.LambdaBodyContext,23,12,2,0,5,1,3,1,2,1
sandbox_coverage/sandbox_functional_converter,org.sandbox.jdt.internal.corext.fix.helper,IteratorLoopAnalyzer.SafetyAnalysis,41,0,0,0,10,0,3,0,3,0
sandbox_coverage/sandbox_functional_converter,org.sandbox.jdt.internal.corext.fix.helper,IteratorPatternDetector,266,0,48,0,78,0,32,0,8,0
sandbox_coverage/sandbox_functional_converter,org.sandbox.jdt.internal.corext.fix.helper,LoopBodyParser,178,513,48,80,42,137,38,37,2,9
sandbox_coverage/sandbox_functional_converter,org.sandbox.jdt.internal.corext.fix.helper,IfStatementAnalyzer.MatchPatternType,0,44,0,0,0,9,0,1,0,1
sandbox_coverage/sandbox_functional_converter,org.sandbox.jdt.internal.corext.fix.helper,ReducerType.MapExpressionContext,0,18,0,0,0,1,0,1,0,1
sandbox_coverage/sandbox_functional_converter,org.sandbox.jdt.internal.corext.fix.helper,JdtLoopExtractor.LoopBodyAnalyzer,3,64,4,4,1,19,4,9,0,9
sandbox_coverage/sandbox_functional_converter,org.sandbox.jdt.internal.corext.fix.helper,LambdaGenerator,69,126,4,14,16,35,5,11,1,6
sandbox_coverage/sandbox_functional_converter,org.sandbox.jdt.internal.corext.fix.helper,IteratorLoopAnalyzer.IteratorUsageVisitor,88,0,12,0,29,0,14,0,8,0
sandbox_coverage/sandbox_functional_converter,org.sandbox.jdt.internal.corext.fix.helper,ReducePatternDetector,224,539,67,83,66,157,53,36,2,12
sandbox_coverage/sandbox_functional_converter,org.sandbox.jdt.internal.corext.fix.helper,IteratorLoopBodyParser,143,0,20,0,36,0,14,0,4,0
sandbox_coverage/sandbox_functional_converter,org.sandbox.jdt.internal.corext.fix.helper,OperationType,6,136,0,0,2,26,2,5,2,5
sandbox_coverage/sandbox_functional_converter,org.sandbox.jdt.internal.corext.fix.helper,LoopToFunctionalV2,22,162,10,17,7,39,10,13,1,8
sandbox_coverage/sandbox_functional_converter,org.sandbox.jdt.internal.corext.fix.helper,PreconditionsChecker.new ASTVisitor() {...},21,0,2,0,4,0,3,0,2,0
sandbox_coverage/sandbox_functional_converter,org.sandbox.jdt.internal.corext.fix.helper,PreconditionsChecker.new ASTVisitor() {...},0,61,0,14,0,18,0,9,0,2
sandbox_coverage/sandbox_functional_converter,org.sandbox.jdt.internal.corext.fix.helper,ASTStreamRenderer,360,781,37,46,81,177,32,38,3,21
sandbox_coverage/sandbox_tools,org.sandbox.jdt.internal.corext.fix,UseIteratorToForLoopFixCore.new CompilationUnitRewriteOperationsFixCore.CompilationUnitRewriteOperationWithSourceRange() {...},5,44,1,1,2,9,1,2,0,2
sandbox_coverage/sandbox_tools,org.sandbox.jdt.internal.corext.fix,UseIteratorToForLoopFixCore,5,40,0,0,1,8,1,4,1,4
sandbox_coverage/sandbox_tools,org.sandbox.jdt.internal.ui.fix,MultiFixMessages,3,4,0,0,1,2,1,1,1,1
sandbox_coverage/sandbox_tools,org.sandbox.jdt.internal.ui.fix,UseIteratorToForLoopCleanUp,0,11,0,0,0,4,0,2,0,2
sandbox_coverage/sandbox_tools,org.sandbox.jdt.internal.ui.fix,UseIteratorToForLoopCleanUpCore,52,97,5,7,12,23,8,8,3,7
sandbox_coverage/sandbox_tools,org.sandbox.jdt.internal.corext.fix.helper,AbstractTool,31,12,4,0,7,3,4,2,2,2
sandbox_coverage/sandbox_tools,org.sandbox.jdt.internal.corext.fix.helper,CheckNodeForValidReferences.new ASTVisitor() {...},298,0,84,0,80,0,48,0,6,0
sandbox_coverage/sandbox_tools,org.sandbox.jdt.internal.corext.fix.helper,WhileLoopToChangeHit,0,9,0,0,0,5,0,2,0,2
sandbox_coverage/sandbox_tools,org.sandbox.jdt.internal.corext.fix.helper,CheckNodeForValidReferences,27,0,0,0,10,0,3,0,3,0
sandbox_coverage/sandbox_tools,org.sandbox.jdt.internal.corext.fix.helper,WhileToForEach,409,845,97,93,104,232,74,39,4,14
sandbox_coverage/sandbox_jface_cleanup,org.sandbox.jdt.internal.ui.preferences.cleanup,CleanUpMessages,7,0,0,0,3,0,2,0,2,0
sandbox_coverage/sandbox_jface_cleanup,org.sandbox.jdt.internal.ui.preferences.cleanup,SaveActionCleanUpOptionsInitializer,8,0,0,0,3,0,2,0,2,0
sandbox_coverage/sandbox_jface_cleanup,org.sandbox.jdt.internal.ui.preferences.cleanup,DefaultCleanUpOptionsInitializer,0,8,0,0,0,3,0,2,0,2
sandbox_coverage/sandbox_jface_cleanup,org.sandbox.jdt.internal.ui.preferences.cleanup,SandboxCodeTabPage,46,0,0,0,11,0,4,0,4,0
sandbox_coverage/sandbox_jface_cleanup,org.sandbox.jdt.internal.corext.fix,JfaceCleanUpFixCore.new CompilationUnitRewriteOperationsFixCore.CompilationUnitRewriteOperationWithSourceRange() {...},5,48,1,1,2,9,1,2,0,2
sandbox_coverage/sandbox_jface_cleanup,org.sandbox.jdt.internal.corext.fix,JfaceCleanUpFixCore,5,40,0,0,1,8,1,4,1,4
sandbox_coverage/sandbox_jface_cleanup,org.sandbox.jdt.internal.ui.fix,JFaceCleanUpCore,52,94,5,7,12,23,8,8,3,7
sandbox_coverage/sandbox_jface_cleanup,org.sandbox.jdt.internal.ui.fix,JFaceCleanUp,0,11,0,0,0,4,0,2,0,2
sandbox_coverage/sandbox_jface_cleanup,org.sandbox.jdt.internal.ui.fix,MultiFixMessages,3,4,0,0,1,2,1,1,1,1
sandbox_coverage/sandbox_jface_cleanup,org.sandbox.jdt.internal.corext.fix.helper,AbstractTool,17,26,4,0,5,5,3,3,1,3
sandbox_coverage/sandbox_jface_cleanup,org.sandbox.jdt.internal.corext.fix.helper,JFacePlugin,62,398,22,26,22,97,20,14,1,9
sandbox_coverage/sandbox_jface_cleanup,org.sandbox.jdt.internal.corext.fix.helper,JFacePlugin.MonitorHolder,0,8,0,0,0,2,0,1,0,1
sandbox_coverage/sandbox_junit_cleanup,org.sandbox.jdt.internal.ui.preferences.cleanup,SaveActionCleanUpOptionsInitializer,104,0,0,0,27,0,2,0,2,0
sandbox_coverage/sandbox_junit_cleanup,org.sandbox.jdt.internal.ui.preferences.cleanup,SandboxCodeTabPage,772,0,9,0,224,0,12,0,5,0
sandbox_coverage/sandbox_junit_cleanup,org.sandbox.jdt.internal.ui.preferences.cleanup,CleanUpMessages,4,0,0,0,2,0,1,0,1,0
sandbox_coverage/sandbox_junit_cleanup,org.sandbox.jdt.internal.ui.preferences.cleanup,SandboxCodeTabPage.new SelectionAdapter() {...},113,0,0,0,8,0,2,0,2,0
sandbox_coverage/sandbox_junit_cleanup,org.sandbox.jdt.internal.ui.preferences.cleanup,DefaultCleanUpOptionsInitializer,0,104,0,0,0,27,0,2,0,2
sandbox_coverage/sandbox_junit_cleanup,org.sandbox.jdt.internal.corext.fix,JUnitCleanUpFixCore,48,329,6,0,7,31,4,5,1,5
sandbox_coverage/sandbox_junit_cleanup,org.sandbox.jdt.internal.corext.fix,JUnitCleanUpFixCore.new CompilationUnitRewriteOperationsFixCore.CompilationUnitRewriteOperationWithSourceRange() {...},5,57,1,1,2,10,1,2,0,2
sandbox_coverage/sandbox_junit_cleanup,org.sandbox.jdt.internal.ui.fix,MultiFixMessages,0,4,0,0,0,2,0,1,0,1
sandbox_coverage/sandbox_junit_cleanup,org.sandbox.jdt.internal.ui.fix,JUnitCleanUp,0,11,0,0,0,4,0,2,0,2
sandbox_coverage/sandbox_junit_cleanup,org.sandbox.jdt.internal.ui.fix,JUnitCleanUpCore,76,249,12,12,15,51,14,11,4,9
sandbox_coverage/sandbox_junit_cleanup,org.sandbox.jdt.internal.corext.fix.helper.lib,DocumentHelper,44,65,3,3,9,16,4,2,1,2
sandbox_coverage/sandbox_junit_cleanup,org.sandbox.jdt.internal.corext.fix.helper.lib,LifecycleMethodAdapter,69,351,27,27,6,83,24,21,5,13
sandbox_coverage/sandbox_junit_cleanup,org.sandbox.jdt.internal.corext.fix.helper.lib,AssertionRefactorer,7,136,1,13,2,22,2,9,1,2
sandbox_coverage/sandbox_junit_cleanup,org.sandbox.jdt.internal.corext.fix.helper.lib,ImportHelper,9,97,5,11,2,21,6,6,1,3
sandbox_coverage/sandbox_junit_cleanup,org.sandbox.jdt.internal.corext.fix.helper.lib,JUnitConstants,7,39,0,0,2,8,1,1,1,1
sandbox_coverage/sandbox_junit_cleanup,org.sandbox.jdt.internal.corext.fix.helper.lib,TriggerPatternCleanupPlugin,136,0,16,0,33,0,14,0,6,0
sandbox_coverage/sandbox_junit_cleanup,org.sandbox.jdt.internal.corext.fix.helper.lib,TestNameRefactorer.new ASTVisitor() {...},0,38,1,3,0,6,1,3,0,2
sandbox_coverage/sandbox_junit_cleanup,org.sandbox.jdt.internal.corext.fix.helper.lib,TestNameRefactorer.new ASTVisitor() {...},37,0,2,0,4,0,3,0,2,0
sandbox_coverage/sandbox_junit_cleanup,org.sandbox.jdt.internal.corext.fix.helper.lib,LifecycleMethodAdapter.new ASTVisitor() {...},39,3,14,0,8,1,8,1,1,1
sandbox_coverage/sandbox_junit_cleanup,org.sandbox.jdt.internal.corext.fix.helper.lib,TestNameRefactorer,59,303,10,10,13,72,10,11,1,10
sandbox_coverage/sandbox_junit_cleanup,org.sandbox.jdt.internal.corext.fix.helper.lib,LifecycleMethodAdapter.new ASTVisitor() {...},0,49,1,1,0,5,1,2,0,2
sandbox_coverage/sandbox_junit_cleanup,org.sandbox.jdt.internal.corext.fix.helper.lib,ExternalResourceRefactorer.CallbackConfig,0,15,0,0,0,6,0,1,0,1
sandbox_coverage/sandbox_junit_cleanup,org.sandbox.jdt.internal.corext.fix.helper.lib,JunitHolder,25,28,2,0,4,7,4,6,3,6
sandbox_coverage/sandbox_junit_cleanup,org.sandbox.jdt.internal.corext.fix.helper.lib,AbstractMarkerAnnotationJUnitPlugin,0,80,0,0,0,18,0,5,0,5
sandbox_coverage/sandbox_junit_cleanup,org.sandbox.jdt.internal.corext.fix.helper.lib,ExternalResourceRefactorer,122,700,47,69,32,177,47,38,3,24
sandbox_coverage/sandbox_junit_cleanup,org.sandbox.jdt.internal.corext.fix.helper.lib,AbstractTool,72,188,22,6,18,46,14,17,2,15
sandbox_coverage/sandbox_junit_cleanup,org.sandbox.jdt.internal.corext.fix.helper,TestJUnit3Plugin.new ASTVisitor() {...},71,0,6,0,8,0,5,0,2,0
sandbox_coverage/sandbox_junit_cleanup,org.sandbox.jdt.internal.corext.fix.helper,AssumeJUnitPlugin,57,317,23,29,13,68,21,21,2,14
sandbox_coverage/sandbox_junit_cleanup,org.sandbox.jdt.internal.corext.fix.helper,RuleTemporayFolderJUnitPlugin,6,209,4,8,3,42,4,9,1,6
sandbox_coverage/sandbox_junit_cleanup,org.sandbox.jdt.internal.corext.fix.helper,AssertJUnitPlugin,87,138,9,5,17,30,6,13,1,11
sandbox_coverage/sandbox_junit_cleanup,org.sandbox.jdt.internal.corext.fix.helper,TestExpectedJUnitPluginV2,158,0,12,0,41,0,11,0,5,0
sandbox_coverage/sandbox_junit_cleanup,org.sandbox.jdt.internal.corext.fix.helper,BeforeJUnitPlugin,6,11,2,0,3,5,2,5,1,5
sandbox_coverage/sandbox_junit_cleanup,org.sandbox.jdt.internal.corext.fix.helper,AssertOptimizationJUnitPlugin,224,859,102,118,50,204,90,42,5,17
sandbox_coverage/sandbox_junit_cleanup,org.sandbox.jdt.internal.corext.fix.helper,ParameterizedTestJUnitPlugin,81,780,51,79,14,177,45,31,1,10
sandbox_coverage/sandbox_junit_cleanup,org.sandbox.jdt.internal.corext.fix.helper,RuleTimeoutJUnitPlugin,51,344,25,23,17,85,23,12,2,9
sandbox_coverage/sandbox_junit_cleanup,org.sandbox.jdt.internal.corext.fix.helper,ExternalResourceJUnitPlugin,13,109,6,8,4,25,5,9,1,6
sandbox_coverage/sandbox_junit_cleanup,org.sandbox.jdt.internal.corext.fix.helper,TestTimeoutJUnitPlugin,14,257,10,14,7,66,10,9,1,6
sandbox_coverage/sandbox_junit_cleanup,org.sandbox.jdt.internal.corext.fix.helper,AssumeOptimizationJUnitPlugin,27,185,10,16,7,43,12,11,3,7
sandbox_coverage/sandbox_junit_cleanup,org.sandbox.jdt.internal.corext.fix.helper,RunWithJUnitPlugin,154,244,27,17,40,62,21,10,1,8
sandbox_coverage/sandbox_junit_cleanup,org.sandbox.jdt.internal.corext.fix.helper,RuleExpectedExceptionJUnitPlugin.ExpectedExceptionInfo,0,9,0,0,0,3,0,1,0,1
sandbox_coverage/sandbox_junit_cleanup,org.sandbox.jdt.internal.corext.fix.helper,BeforeJUnitPluginV2,44,0,2,0,14,0,6,0,5,0
sandbox_coverage/sandbox_junit_cleanup,org.sandbox.jdt.internal.corext.fix.helper,TestExpectedJUnitPlugin,15,266,12,18,9,63,12,10,1,6
sandbox_coverage/sandbox_junit_cleanup,org.sandbox.jdt.internal.corext.fix.helper,TestJUnit3Plugin,399,3,64,0,86,1,47,1,14,1
sandbox_coverage/sandbox_junit_cleanup,org.sandbox.jdt.internal.corext.fix.helper,CategoryJUnitPlugin,14,237,12,18,4,57,12,12,1,8
sandbox_coverage/sandbox_junit_cleanup,org.sandbox.jdt.internal.corext.fix.helper,FixMethodOrderJUnitPlugin,35,0,2,0,11,0,8,0,7,0
sandbox_coverage/sandbox_junit_cleanup,org.sandbox.jdt.internal.corext.fix.helper,RuleExternalResourceJUnitPlugin,6,141,5,7,3,32,5,9,1,7
sandbox_coverage/sandbox_junit_cleanup,org.sandbox.jdt.internal.corext.fix.helper,LostTestFinderJUnitPlugin,44,416,25,67,13,98,19,40,1,12
sandbox_coverage/sandbox_junit_cleanup,org.sandbox.jdt.internal.corext.fix.helper,RuleTestnameJUnitPlugin,6,77,4,2,3,18,4,6,1,6
sandbox_coverage/sandbox_junit_cleanup,org.sandbox.jdt.internal.corext.fix.helper,RuleTemporayFolderJUnitPlugin.new ASTVisitor() {...},4,49,1,7,1,9,1,5,0,2
sandbox_coverage/sandbox_junit_cleanup,org.sandbox.jdt.internal.corext.fix.helper,RuleTemporayFolderJUnitPlugin.new ASTVisitor() {...},34,351,3,13,7,65,3,7,0,2
sandbox_coverage/sandbox_junit_cleanup,org.sandbox.jdt.internal.corext.fix.helper,AfterJUnitPlugin,6,11,2,0,3,5,2,5,1,5
sandbox_coverage/sandbox_junit_cleanup,org.sandbox.jdt.internal.corext.fix.helper,LostTestFinderJUnitPlugin.new ASTVisitor() {...},0,32,0,2,0,4,0,3,0,2
sandbox_coverage/sandbox_junit_cleanup,org.sandbox.jdt.internal.corext.fix.helper,RuleExpectedExceptionJUnitPlugin,110,589,45,53,39,133,36,26,2,11
sandbox_coverage/sandbox_junit_cleanup,org.sandbox.jdt.internal.corext.fix.helper,IgnoreJUnitPlugin,13,136,2,4,3,32,3,9,2,7
sandbox_coverage/sandbox_junit_cleanup,org.sandbox.jdt.internal.corext.fix.helper,BeforeClassJUnitPlugin,6,11,2,0,3,5,2,5,1,5
sandbox_coverage/sandbox_junit_cleanup,org.sandbox.jdt.internal.corext.fix.helper,RuleTimeoutJUnitPlugin.TimeoutInfo,0,9,0,0,0,4,0,1,0,1
sandbox_coverage/sandbox_junit_cleanup,org.sandbox.jdt.internal.corext.fix.helper,AfterClassJUnitPlugin,6,11,2,0,3,5,2,5,1,5
sandbox_coverage/sandbox_junit_cleanup,org.sandbox.jdt.internal.corext.fix.helper,TestJUnitPlugin,6,11,2,0,3,5,2,5,1,5
sandbox_coverage/sandbox_xml_cleanup,org.sandbox.jdt.internal.ui.preferences.cleanup,CleanUpMessages,7,0,0,0,3,0,2,0,2,0
sandbox_coverage/sandbox_xml_cleanup,org.sandbox.jdt.internal.ui.preferences.cleanup,SaveActionCleanUpOptionsInitializer,8,0,0,0,3,0,2,0,2,0
sandbox_coverage/sandbox_xml_cleanup,org.sandbox.jdt.internal.ui.preferences.cleanup,DefaultCleanUpOptionsInitializer,0,8,0,0,0,3,0,2,0,2
sandbox_coverage/sandbox_xml_cleanup,org.sandbox.jdt.internal.ui.preferences.cleanup,SandboxCodeTabPage,68,0,0,0,16,0,4,0,4,0
sandbox_coverage/sandbox_xml_cleanup,org.sandbox.jdt.internal.corext.fix,XMLCleanUpFixCore,71,0,4,0,13,0,8,0,6,0
sandbox_coverage/sandbox_xml_cleanup,org.sandbox.jdt.internal.corext.fix,XMLCleanUpFixCore.new CompilationUnitRewriteOperationsFixCore.CompilationUnitRewriteOperation() {...},53,0,4,0,12,0,4,0,2,0
sandbox_coverage/sandbox_xml_cleanup,org.sandbox.jdt.internal.ui.handlers,XMLCleanupHandler.new Job() {...},17,0,0,0,2,0,2,0,2,0
sandbox_coverage/sandbox_xml_cleanup,org.sandbox.jdt.internal.ui.handlers,XMLCleanupHandler,238,0,28,0,65,0,19,0,5,0
sandbox_coverage/sandbox_xml_cleanup,org.sandbox.jdt.internal.ui.fix,XMLCleanUpCore,152,0,12,0,38,0,16,0,10,0
sandbox_coverage/sandbox_xml_cleanup,org.sandbox.jdt.internal.ui.fix,MultiFixMessages,7,0,0,0,3,0,2,0,2,0
sandbox_coverage/sandbox_xml_cleanup,org.sandbox.jdt.internal.ui.fix,XMLCleanUp,11,0,0,0,4,0,2,0,2,0
sandbox_coverage/sandbox_xml_cleanup,org.sandbox.jdt.internal.corext.fix.helper,XMLCleanupService,221,0,26,0,61,0,20,0,7,0
sandbox_coverage/sandbox_xml_cleanup,org.sandbox.jdt.internal.corext.fix.helper,ExsdMarkerResolutionGenerator,33,0,0,0,10,0,4,0,4,0
sandbox_coverage/sandbox_xml_cleanup,org.sandbox.jdt.internal.corext.fix.helper,XMLPlugin,302,0,38,0,81,0,29,0,10,0
sandbox_coverage/sandbox_xml_cleanup,org.sandbox.jdt.internal.corext.fix.helper,XMLCandidateHit,12,0,0,0,6,0,2,0,2,0
sandbox_coverage/sandbox_xml_cleanup,org.sandbox.jdt.internal.corext.fix.helper,XMLCleanupService.new IResourceVisitor() {...},80,0,14,0,16,0,9,0,2,0
sandbox_coverage/sandbox_xml_cleanup,org.sandbox.jdt.internal.corext.fix.helper,SchemaTransformationUtils,12,169,1,5,3,42,3,6,2,4
sandbox_coverage/sandbox_xml_cleanup,org.sandbox.jdt.internal.corext.fix.helper,AbstractTool,43,0,4,0,10,0,6,0,4,0
sandbox_coverage/sandbox_xml_cleanup,org.sandbox.jdt.internal.corext.fix.helper,ReplaceSpacesWithTabsQuickFix,179,0,16,0,45,0,12,0,4,0
sandbox_coverage/sandbox_method_reuse,org.sandbox.jdt.internal.ui.preferences.cleanup,CleanUpMessages,4,0,0,0,2,0,1,0,1,0
sandbox_coverage/sandbox_method_reuse,org.sandbox.jdt.internal.ui.preferences.cleanup,SaveActionCleanUpOptionsInitializer,12,0,0,0,4,0,2,0,2,0
sandbox_coverage/sandbox_method_reuse,org.sandbox.jdt.internal.ui.preferences.cleanup,DefaultCleanUpOptionsInitializer,0,12,0,0,0,4,0,2,0,2
sandbox_coverage/sandbox_method_reuse,org.sandbox.jdt.internal.ui.preferences.cleanup,SandboxCodeTabPage,60,0,0,0,15,0,4,0,4,0
sandbox_coverage/sandbox_method_reuse,org.sandbox.jdt.internal.corext.fix,MethodReuseFixCore.new TargetSourceRangeComputer() {...},21,0,2,0,4,0,3,0,2,0
sandbox_coverage/sandbox_method_reuse,org.sandbox.jdt.internal.corext.fix,MethodReuseFixCore.new CompilationUnitRewriteOperationsFixCore.CompilationUnitRewriteOperationWithSourceRange() {...},43,0,0,0,8,0,2,0,2,0
sandbox_coverage/sandbox_method_reuse,org.sandbox.jdt.internal.corext.fix,MethodReuseFixCore,49,0,0,0,10,0,5,0,5,0
sandbox_coverage/sandbox_method_reuse,org.sandbox.jdt.internal.corext.fix,MethodReuseCleanUpFixCore.new CompilationUnitRewriteOperationsFixCore.CompilationUnitRewriteOperation() {...},0,34,0,0,0,7,0,2,0,2
sandbox_coverage/sandbox_method_reuse,org.sandbox.jdt.internal.corext.fix,MethodReuseCleanUpFixCore,8,55,0,0,2,11,1,5,1,5
sandbox_coverage/sandbox_method_reuse,org.sandbox.jdt.internal.ui.fix,MultiFixMessages,3,4,0,0,1,2,1,1,1,1
sandbox_coverage/sandbox_method_reuse,org.sandbox.jdt.internal.ui.fix,MethodReuseCleanUpCore,34,84,13,9,12,18,13,5,2,5
sandbox_coverage/sandbox_method_reuse,org.sandbox.jdt.internal.ui.fix,MethodReuseCleanUp,0,11,0,0,0,4,0,2,0,2
sandbox_coverage/sandbox_method_reuse,org.sandbox.jdt.internal.corext.fix.helper.lib,SideEffectAnalyzer,78,0,18,0,26,0,15,0,6,0
sandbox_coverage/sandbox_method_reuse,org.sandbox.jdt.internal.corext.fix.helper.lib,VariableMapping,20,86,2,6,3,16,4,9,2,7
sandbox_coverage/sandbox_method_reuse,org.sandbox.jdt.internal.corext.fix.helper.lib,CodePatternMatcher,49,0,14,0,13,0,12,0,5,0
sandbox_coverage/sandbox_method_reuse,org.sandbox.jdt.internal.corext.fix.helper.lib,InlineCodeSequenceFinder,10,82,5,11,4,17,6,6,1,3
sandbox_coverage/sandbox_method_reuse,org.sandbox.jdt.internal.corext.fix.helper.lib,MethodCallReplacer,121,97,29,9,30,25,20,4,3,2
sandbox_coverage/sandbox_method_reuse,org.sandbox.jdt.internal.corext.fix.helper.lib,SideEffectAnalyzer.FieldModificationVisitor,73,0,18,0,21,0,15,0,6,0
sandbox_coverage/sandbox_method_reuse,org.sandbox.jdt.internal.corext.fix.helper.lib,InlineCodeSequenceFinder.new ASTVisitor() {...},0,26,0,2,0,5,0,3,0,2
sandbox_coverage/sandbox_method_reuse,org.sandbox.jdt.internal.corext.fix.helper.lib,AbstractMethodReuse,2,3,0,0,2,1,2,1,2,1
sandbox_coverage/sandbox_method_reuse,org.sandbox.jdt.internal.corext.fix.helper.lib,SideEffectAnalyzer.UnsafeMethodCallVisitor,46,0,10,0,13,0,9,0,4,0
sandbox_coverage/sandbox_method_reuse,org.sandbox.jdt.internal.corext.fix.helper.lib,CodeSequenceMatcher.VariableMappingMatcher,4,40,2,4,2,13,2,3,0,2
sandbox_coverage/sandbox_method_reuse,org.sandbox.jdt.internal.corext.fix.helper.lib,CodeSequenceMatcher,17,106,9,19,8,26,10,7,1,2
sandbox_coverage/sandbox_method_reuse,org.sandbox.jdt.internal.corext.fix.helper.lib,InlineCodeSequenceFinder.InlineSequenceMatch,3,18,0,0,1,7,1,3,1,3
sandbox_coverage/sandbox_method_reuse,org.sandbox.jdt.internal.corext.fix.helper.lib,MethodSignatureAnalyzer,63,0,12,0,13,0,11,0,5,0
sandbox_coverage/sandbox_method_reuse,org.sandbox.jdt.internal.corext.fix.helper,MethodReusePlugin,8,3,2,0,5,1,4,1,3,1
sandbox_coverage/sandbox_method_reuse,org.sandbox.jdt.internal.corext.fix.helper,InlineSequencesPlugin,87,277,23,21,23,64,21,8,1,6
sandbox_coverage/sandbox_method_reuse,org.sandbox.jdt.internal.corext.fix.helper,MethodReuseFinder,26,0,6,0,9,0,10,0,7,0
sandbox_coverage/sandbox_triggerpattern,org.sandbox.jdt.internal.ui.preferences.cleanup,CleanUpMessages,4,0,0,0,2,0,1,0,1,0
sandbox_coverage/sandbox_triggerpattern,org.sandbox.jdt.internal.ui.preferences.cleanup,SaveActionCleanUpOptionsInitializer,8,0,0,0,3,0,2,0,2,0
sandbox_coverage/sandbox_triggerpattern,org.sandbox.jdt.internal.ui.preferences.cleanup,DefaultCleanUpOptionsInitializer,0,8,0,0,0,3,0,2,0,2
sandbox_coverage/sandbox_triggerpattern,org.sandbox.jdt.internal.ui.preferences.cleanup,SandboxCodeTabPage,46,0,0,0,14,0,4,0,4,0
sandbox_coverage/sandbox_triggerpattern,org.sandbox.jdt.internal.corext.fix,StringSimplificationFixCore.IsEmptyOperation,62,0,4,0,17,0,4,0,2,0
sandbox_coverage/sandbox_triggerpattern,org.sandbox.jdt.internal.corext.fix,StringSimplificationFixCore.SimplifyBooleanOperation,81,0,8,0,25,0,6,0,2,0
sandbox_coverage/sandbox_triggerpattern,org.sandbox.jdt.internal.corext.fix,StringSimplificationFixCore.StringValueOfOperation,75,0,6,0,21,0,5,0,2,0
sandbox_coverage/sandbox_triggerpattern,org.sandbox.jdt.internal.corext.fix,StringSimplificationFixCore,253,0,16,0,35,0,11,0,3,0
sandbox_coverage/sandbox_triggerpattern,org.sandbox.jdt.internal.corext.fix,StringSimplificationFixCore.SimplifyTernaryOperation,81,0,8,0,25,0,6,0,2,0
sandbox_coverage/sandbox_triggerpattern,org.sandbox.jdt.internal.ui.fix,StringSimplificationCleanUpCore,84,0,10,0,28,0,12,0,7,0
sandbox_coverage/sandbox_triggerpattern,org.sandbox.jdt.internal.ui.fix,MultiFixMessages,4,0,0,0,2,0,1,0,1,0
sandbox_coverage/sandbox_triggerpattern,org.sandbox.jdt.internal.ui.fix,StringSimplificationCleanUp,11,0,0,0,4,0,2,0,2,0
sandbox_coverage/sandbox_triggerpattern,org.sandbox.jdt.triggerpattern.string,StringSimplificationHintProvider,1079,0,92,0,316,0,61,0,15,0
sandbox_coverage/sandbox_usage_view,org.sandbox.jdt.ui.helper.views.preferences,UsageViewPreferencePage,22,0,0,0,10,0,3,0,3,0
sandbox_coverage/sandbox_usage_view,org.sandbox.jdt.ui.helper.views,VarVisitor,0,37,0,2,0,11,0,5,0,4
sandbox_coverage/sandbox_usage_view,org.sandbox.jdt.ui.helper.views,JHViewContentProvider,110,96,16,10,26,25,15,7,4,5
sandbox_coverage/sandbox_usage_view,org.sandbox.jdt.ui.helper.views,JHPluginImages,3,31,0,0,2,8,0,2,0,2
sandbox_coverage/sandbox_usage_view,org.sandbox.jdt.ui.helper.views,JavaHelperView.new IPartListener2() {...},42,23,4,2,5,10,7,8,4,8
sandbox_coverage/sandbox_usage_view,org.sandbox.jdt.ui.helper.views,JavaHelperView.new Action() {...},14,8,0,0,2,1,2,1,2,1
sandbox_coverage/sandbox_usage_view,org.sandbox.jdt.ui.helper.views,JavaHelperView.new Action() {...},73,8,12,0,27,1,7,1,1,1
sandbox_coverage/sandbox_usage_view,org.sandbox.jdt.ui.helper.views,JavaHelperView.new Action() {...},27,8,0,0,8,1,1,1,1,1
sandbox_coverage/sandbox_usage_view,org.sandbox.jdt.ui.helper.views,JavaHelperView.new Action() {...},4,8,0,0,2,1,1,1,1,1
sandbox_coverage/sandbox_usage_view,org.sandbox.jdt.ui.helper.views,JavaHelperView.new Action() {...},74,8,12,0,27,1,7,1,1,1
sandbox_coverage/sandbox_usage_view,org.sandbox.jdt.ui.helper.views,UsageViewStartup,7,37,4,4,2,15,4,3,0,3
sandbox_coverage/sandbox_usage_view,org.sandbox.jdt.ui.helper.views,UsageViewPlugin,4,22,0,0,1,11,1,5,1,5
sandbox_coverage/sandbox_usage_view,org.sandbox.jdt.ui.helper.views,JavaHelperView,314,398,62,6,93,97,43,17,9,17
sandbox_coverage/sandbox_usage_view,org.sandbox.jdt.ui.helper.views,JHViewSelectionProvider,102,52,19,1,22,14,13,4,3,4
sandbox_coverage/sandbox_usage_view,org.sandbox.jdt.ui.helper.views,FieldOrJavaVariable,33,0,0,0,14,0,7,0,7,0
sandbox_coverage/sandbox_usage_view,org.sandbox.jdt.ui.helper.views.colum,AbstractColumn.new SelectionAdapter() {...},22,15,0,0,6,1,1,1,1,1
sandbox_coverage/sandbox_usage_view,org.sandbox.jdt.ui.helper.views.colum,QualifiednameColumn.new AlternatingColumnLabelProvider() {...},7,6,0,0,2,1,1,1,1,1
sandbox_coverage/sandbox_usage_view,org.sandbox.jdt.ui.helper.views.colum,QualifiednameColumn,18,15,4,0,5,3,3,2,1,2
sandbox_coverage/sandbox_usage_view,org.sandbox.jdt.ui.helper.views.colum,AbstractColumn,0,61,0,0,0,16,0,6,0,6
sandbox_coverage/sandbox_usage_view,org.sandbox.jdt.ui.helper.views.colum,NameColumn.new AlternatingColumnLabelProvider() {...},6,6,0,0,2,1,1,1,1,1
sandbox_coverage/sandbox_usage_view,org.sandbox.jdt.ui.helper.views.colum,DeprecatedColumn.new AlternatingColumnLabelProvider() {...},7,6,0,0,2,1,1,1,1,1
sandbox_coverage/sandbox_usage_view,org.sandbox.jdt.ui.helper.views.colum,NameColumn,6,15,0,0,1,3,1,2,1,2
sandbox_coverage/sandbox_usage_view,org.sandbox.jdt.ui.helper.views.colum,PackageColumn,18,15,4,0,5,3,3,2,1,2
sandbox_coverage/sandbox_usage_view,org.sandbox.jdt.ui.helper.views.colum,ColumnViewerComparator,57,22,6,0,13,8,6,3,3,3
sandbox_coverage/sandbox_usage_view,org.sandbox.jdt.ui.helper.views.colum,AlternatingColumnLabelProvider,16,11,4,0,4,3,3,1,1,1
sandbox_coverage/sandbox_usage_view,org.sandbox.jdt.ui.helper.views.colum,DeprecatedColumn,18,15,4,0,5,3,3,2,1,2
sandbox_coverage/sandbox_usage_view,org.sandbox.jdt.ui.helper.views.colum,DeclaringMethodColumn.new AlternatingColumnLabelProvider() {...},13,6,2,0,5,1,2,1,1,1
sandbox_coverage/sandbox_usage_view,org.sandbox.jdt.ui.helper.views.colum,PackageColumn.new AlternatingColumnLabelProvider() {...},21,6,4,0,8,1,3,1,1,1
sandbox_coverage/sandbox_usage_view,org.sandbox.jdt.ui.helper.views.colum,DeclaringMethodColumn,18,15,4,0,5,3,3,2,1,2
